{
    "5": {
        "paraphrase": [
            2.1955466229479166,
            2.333687742655901,
            2.1917847152854364,
            2.057315997110801,
            1.9892925239279635,
            2.488398319936446,
            2.531494753358695,
            2.403714562013381,
            2.457067152373314,
            2.3977789783390095,
            2.298102454879172,
            2.406790229936425,
            2.3471205448561854,
            2.2482287482634025,
            2.2525594148510004,
            2.196491193666399,
            2.440519643439232,
            2.22892444018614,
            2.3734360703688915,
            2.423838295340513,
            2.164263075731371,
            2.2277522995238757,
            2.2566782823375706,
            2.1009981202551447,
            2.2892520620917667
        ],
        "meaning": [
            2.6229888365756366,
            2.5857090156567892,
            2.4491887741960814,
            2.5263255407123744,
            2.520928686540604,
            2.654137229108855,
            2.569196221717957,
            2.659967784814969,
            2.657018495147702,
            2.553613157376136,
            2.6722024055134583,
            2.58767533476198,
            2.424338276357984,
            2.46274553205441,
            2.527532561815662,
            2.6711338810515026,
            2.650308394785914,
            2.5801968002225717,
            2.5852500885472134,
            2.6202242102744577,
            2.607024250650227,
            2.7206396904410197,
            2.635076983742455,
            2.635565567647781,
            2.6673340210299017
        ],
        "structure": [
            2.0415052448321176,
            1.797166776230533,
            2.2629748347077983,
            1.930584342235493,
            0.9545214033453858,
            2.3817611670492678,
            1.9463240565391686,
            2.2830400244144755,
            1.6881400548264278,
            1.92541710645266,
            1.8423786156807296,
            2.0770829288735513,
            1.7165857552113926,
            1.9601151170379294,
            1.8423554199518424,
            1.6508573295520308,
            2.277429251535838,
            2.2509322801608023,
            1.935235562973076,
            2.2806527589852768,
            1.6512621420162212,
            1.2909944474448112,
            1.6845704999907576,
            2.138015692822773,
            1.9307453921824536
        ]
    },
    "10": {
        "paraphrase": [
            3.315884357925562,
            3.2880836533489965,
            3.2787569851107925,
            3.004672088413339,
            3.120012396578223,
            3.618274895767759,
            3.7259384830424787,
            3.5918599862611322,
            3.5292609151563017,
            3.553927589631645,
            3.5671556951962207,
            3.724490544713759,
            3.7342812701670636,
            3.7130915742299453,
            3.5837991466791523,
            3.403975672058906,
            3.7326655491025513,
            3.644947210041627,
            3.573119306405743,
            3.556853587725559,
            3.234051256412645,
            3.650124994459259,
            3.518729318969549,
            3.7712478964632967,
            3.6982286600363916
        ],
        "meaning": [
            3.690931632933023,
            3.7469629129711732,
            3.513659412362043,
            3.527356777144506,
            3.506184285328754,
            4.000450536571451,
            3.8788230523129923,
            3.760369225234482,
            3.9090138944100614,
            3.863059890284674,
            3.784040608952793,
            3.539884990408762,
            3.618190503287379,
            3.4305375119626618,
            3.5431212179564007,
            3.736095265637243,
            3.762540212872435,
            3.6977694746574823,
            3.6861762898851143,
            3.914877590141473,
            3.9866594803732065,
            3.7862754502905296,
            3.910732706802597,
            3.9555231600625675,
            3.9232071033282274
        ],
        "structure": [
            2.294679335950955,
            2.180990158846731,
            2.3127449258182824,
            2.3973098314534904,
            2.6652091169484056,
            2.9762509922471163,
            2.834581053047803,
            2.5800607812537875,
            2.246213155271688,
            2.4726123640999766,
            0.972967967095868,
            1.9590028826790251,
            1.3548267609613003,
            1.9447936168682667,
            2.1650809681313374,
            1.9694638522843066,
            2.1569732626877993,
            1.7015829709497634,
            2.7360341684550855,
            1.937497915463448,
            0.972967967095868,
            2.1561083948758424,
            1.3341664051614144,
            1.3341664051614144,
            2.9293533578647164
        ]
    },
    "15": {
        "paraphrase": [
            4.190485154127022,
            4.320434593810969,
            4.130894698368672,
            4.121816009781052,
            4.0155704843540985,
            4.4625281794848,
            4.80297023144155,
            4.5462383592991635,
            4.537702410956168,
            4.245782622811509,
            4.662357424453428,
            4.585839984191943,
            4.82455878091519,
            4.810062483983567,
            4.544612888999942,
            4.454759848010766,
            4.790574240675602,
            4.852431276093127,
            4.8302808372218164,
            4.759911088621714,
            4.045620549775182,
            4.36072922107121,
            4.5147527797233975,
            4.417195458805864,
            4.510978969417454
        ],
        "meaning": [
            4.3657494938900605,
            4.4112136926408025,
            4.328496847203707,
            4.3509507194528,
            4.36824609047014,
            4.641337052708141,
            4.67616194342274,
            4.956186105081332,
            4.6577893189740776,
            4.989082471224512,
            4.058968930237718,
            3.9130253324256308,
            4.012646997618697,
            3.7215937328938336,
            4.061158281839031,
            5.211409939402744,
            5.163249083851149,
            5.125020318923092,
            5.127181022871728,
            5.112478741287778,
            5.048502797576526,
            5.001444132957073,
            5.053139040964772,
            4.992347613113748,
            4.903909225244831
        ],
        "structure": [
            1.9913072032982997,
            2.416690672132315,
            2.4537649913924158,
            2.1422024992176554,
            1.5049720552554082,
            1.3451854169795399,
            2.2569969870874913,
            2.4489527951847316,
            2.1743317937539315,
            0.0,
            2.6843567604907967,
            2.8492658798633665,
            2.3628055844364124,
            2.6828494429572083,
            2.4156894531086572,
            3.137881593442333,
            2.045543156901592,
            2.4868781639439623,
            2.0268661037122984,
            2.047254741232407,
            0.972967967095868,
            1.6240493296730776,
            1.6307284739158914,
            1.6585745562197598,
            2.0271732603016748
        ]
    },