{
    "5": {
        "paraphrase": [
            1.0003553926944733,
            0.9189206659793854,
            1.0131314545869827,
            1.2353349328041077,
            1.0328506380319595,
            1.4671315848827362,
            1.220522701740265,
            1.3230015635490417,
            1.5240426361560822,
            1.1857370883226395,
            1.5910842716693878,
            1.6883306801319122,
            1.605152040719986,
            1.5402597784996033,
            1.7676334381103516,
            0.9642169624567032,
            1.5506558120250702,
            1.342395469546318,
            1.436992734670639,
            1.6132384538650513,
            1.002702184021473,
            1.8559389412403107,
            1.6115534007549286,
            1.4927168488502502,
            2.1210313737392426
        ],
        "meaning": [
            4.695692420005798,
            4.933193027973175,
            4.785948038101196,
            4.61370575428009,
            4.563372254371643,
            4.5929818749427795,
            4.03885418176651,
            4.487636625766754,
            3.5948113799095154,
            4.5138139724731445,
            4.53800231218338,
            4.180121958255768,
            4.520741105079651,
            3.758998692035675,
            4.502520680427551,
            4.874568283557892,
            4.352379620075226,
            4.866688966751099,
            4.795990586280823,
            4.9136775732040405,
            4.510808289051056,
            4.640682756900787,
            4.731939256191254,
            4.36227011680603,
            4.391302168369293
        ],
        "structure": [
            3.154800482094288,
            2.78775592148304,
            4.8915930688381195,
            3.3144088089466095,
            5.446939647197723,
            5.389877021312714,
            5.046759516000748,
            3.2804310023784637,
            3.4318691790103912,
            3.3768659830093384,
            5.398976773023605,
            5.547700226306915,
            3.4139811992645264,
            5.37728276848793,
            5.3517551720142365,
            5.389360785484314,
            3.4476453214883804,
            3.7822283804416656,
            3.6298836767673492,
            5.364212185144424,
            3.441952496767044
        ]
    },
    "10": {
        "paraphrase": [
            2.254425972700119,
            2.179476276040077,
            2.7976648807525635,
            1.82928067445755,
            2.325227379798889,
            2.6019552499055862,
            2.804041475057602,
            2.9932938665151596,
            1.9169407784938812,
            2.6408984512090683,
            2.9463360607624054,
            3.452987551689148,
            3.5080601572990417,
            3.9003255367279053,
            4.434114873409271,
            2.6455890238285065,
            3.392694413661957,
            3.4907517433166504,
            3.0001571774482727,
            3.5573801398277283,
            2.1948951482772827,
            3.787762850522995,
            3.970265567302704,
            3.988394170999527,
            4.524521350860596
        ],
        "meaning": [
            8.634021937847137,
            8.05980360507965,
            8.496829688549042,
            7.9336437582969666,
            7.033481180667877,
            8.563458323478699,
            9.313030362129211,
            9.019669830799103,
            8.019490122795105,
            9.20429390668869,
            9.234661996364594,
            8.794162213802338,
            9.319094479084015,
            8.295140624046326,
            9.49050521850586,
            8.422280490398407,
            8.553108632564545,
            8.881351470947266,
            8.119753658771515,
            9.436774492263794,
            8.84172660112381,
            8.903041541576385,
            9.129570841789246,
            9.277491450309753,
            9.025926411151886
        ],
        "structure": [
            8.004809230566025,
            8.432508960366249,
            7.714964538812637,
            2.7413104623556137,
            7.596240594983101,
            7.115562796592712,
            6.492112144827843,
            8.883273392915726,
            8.603773653507233,
            7.700789704918861,
            7.780318766832352,
            8.910406544804573,
            10.983680218458176,
            11.025507986545563,
            9.36627584695816,
            5.013750821352005,
            8.767959892749786,
            13.67583355307579,
            8.406168550252914,
            5.027063429355621,
            9.60306790471077,
            9.548275530338287,
            9.712559342384338,
            10.80212615430355
        ]
    },
    "15": {
        "paraphrase": [
            3.233781099319458,
            3.98886638879776,
            3.340520143508911,
            3.900515303015709,
            3.707901820540428,
            4.06804247200489,
            3.852560669183731,
            3.454501122236252,
            4.096841007471085,
            3.6745842695236206,
            4.9790650606155396,
            4.995761036872864,
            4.954879909753799,
            5.0464785397052765,
            4.294054090976715,
            4.433060377836227,
            5.043998181819916,
            6.1253319680690765,
            6.121134281158447,
            5.98076593875885,
            3.413199484348297,
            5.850836843252182,
            5.820799082517624,
            5.5946541130542755,
            6.335530519485474
        ],
        "meaning": [
            14.801394045352936,
            13.84976714849472,
            13.694757759571075,
            13.508060991764069,
            14.229496598243713,
            13.980912029743195,
            14.035389959812164,
            12.708706259727478,
            13.757522225379944,
            13.480671525001526,
            13.78882759809494,
            11.345377206802368,
            13.530288100242615,
            12.689564943313599,
            13.722705245018005,
            14.162811934947968,
            14.460700809955597,
            14.542350888252258,
            13.509347081184387,
            14.277725994586945,
            14.002432584762573,
            13.95684289932251,
            13.189986228942871,
            13.738493144512177,
            13.596242189407349
        ],
        "structure": [
            12.962166659533978,
            10.906230956315994,
            13.139535374939442,
            7.0906733721494675,
            7.446640900889179,
            8.359949439764023,
            11.764001578092575,
            10.157451219856739,
            11.977366328239441,
            5.6783076375722885,
            13.751601308584213,
            13.329938888549805,
            13.165512651205063,
            13.749099522829056,
            12.60803872346878,
            10.66868594288826,
            12.505229085683823,
            12.321349948644638,
            10.930908262729645,
            9.468848645687103,
            11.807083860039711,
            7.389677911996841,
            12.758608728647232,
            17.860122978687286
        ]
    },