{
    "5": {
        "paraphrase": [
            0.1868387126210845,
            0.18245249946792338,
            0.19674998952562373,
            0.2365751226198941,
            0.1935507464193801,
            0.2570310022512221,
            0.22712220244216444,
            0.23152375663002434,
            0.2796987154989896,
            0.2358203928681946,
            0.28849250910630747,
            0.29735789280296404,
            0.2795766931425738,
            0.2789033210626933,
            0.30542014852802885,
            0.1952545741912511,
            0.2760000169608039,
            0.2446386532511461,
            0.24701499769467675,
            0.32595038780056457,
            0.2183571227662585,
            0.3107105772822005,
            0.28825854458944505,
            0.26130902475254403,
            0.34448066896669616
        ],
        "meaning": [
            0.6420256879028846,
            0.6597244918956194,
            0.6499185539422551,
            0.6282228259010921,
            0.6285662395029459,
            0.6217851559732244,
            0.570030789987043,
            0.5998386356198533,
            0.5167059105019235,
            0.6040622183327452,
            0.6309117126472441,
            0.6044793262879266,
            0.6188143486038534,
            0.547957152527571,
            0.6237992361714283,
            0.6442214197896364,
            0.6138752976530556,
            0.6568441138029067,
            0.6444275444776254,
            0.6539971530465989,
            0.6248403003294847,
            0.6306442239320686,
            0.6370340234052895,
            0.5864048946325878,
            0.5959022357739253
        ],
        "structure": [
            0.43601623002065887,
            0.4969833956265467,
            0.6044581914935538,
            0.510389406212021,
            0.6262308125518685,
            0.6232330615404258,
            0.5452703330014248,
            0.46678270451434084,
            0.5726074492424555,
            0.565280266739101,
            0.6625492892120632,
            0.6452191909195366,
            0.53382529671287,
            0.6368291832689423,
            0.6139139588023624,
            0.6164665478425695,
            0.5416742208998954,
            0.5144618055150357,
            0.5365622040144925,
            0.6283614546161359,
            0.5459605351329225
        ]
    },
    "10": {
        "paraphrase": [
            0.20232276419705766,
            0.21130388142340403,
            0.2596680077444284,
            0.1838620085180711,
            0.21570349566257405,
            0.24732706322446293,
            0.25722171370781144,
            0.2936135491253815,
            0.17872771750817185,
            0.24625084751565104,
            0.28087414135285327,
            0.3191590975515582,
            0.3100423754863817,
            0.34630180989691395,
            0.37614202660886015,
            0.2654357915704173,
            0.30527150695899574,
            0.31231368875465376,
            0.25512768717153494,
            0.32267441824385484,
            0.21698386137769402,
            0.3305523277212058,
            0.3410538863615824,
            0.34324415199679187,
            0.3700752616052429
        ],
        "meaning": [
            0.6077609979425426,
            0.5899792535906072,
            0.6061157641888363,
            0.573535668736751,
            0.5248728287589294,
            0.5897532290901636,
            0.6270261028337614,
            0.6067348131341381,
            0.5548070995825096,
            0.6087575296250757,
            0.6323587189323027,
            0.6143914341196743,
            0.6335218123452898,
            0.5849948526535836,
            0.6374211080896294,
            0.6038208517604199,
            0.6103728784397201,
            0.6202605697596235,
            0.5959782113826434,
            0.6411681707783995,
            0.5893326134303666,
            0.6018842806973342,
            0.628188256009687,
            0.6150461626973208,
            0.6226039200014645
        ],
        "structure": [
            0.5347571303643167,
            0.5808542038327702,
            0.5472085612739312,
            0.6706321457268908,
            0.6555219755117468,
            0.6046454727029908,
            0.6759575444820859,
            0.6921012077559306,
            0.5958201791530562,
            0.616629124885784,
            0.3500558940207922,
            0.5756872067802158,
            0.6881127599555135,
            0.7771755614641973,
            0.5326726896002385,
            0.4815693614235529,
            0.4810325615959471
        ]
    },
    "15": {
        "paraphrase": [
            0.20619954400559112,
            0.2506124130067396,
            0.19388091131730878,
            0.23992983263571088,
            0.21661853314786791,
            0.2507800804910378,
            0.2427533801456769,
            0.2071230952465284,
            0.2638161759035427,
            0.23330489961502052,
            0.31530220144774934,
            0.30722425328888586,
            0.2996328642679242,
            0.30886243896746574,
            0.2696797285091465,
            0.28275561751468586,
            0.29293954644664083,
            0.3571545757363166,
            0.32859779483264,
            0.33521743162420153,
            0.2253355271190525,
            0.3080124988911921,
            0.3274610189041843,
            0.3153545665004078,
            0.34851698130848446
        ],
        "meaning": [
            0.6636769042417843,
            0.6374631346511032,
            0.6314082344597459,
            0.6227606232891837,
            0.642595591061187,
            0.6204662922081406,
            0.6267459940265824,
            0.5801911678511933,
            0.6065092913715522,
            0.6139034227191803,
            0.6323030746645452,
            0.5584640761594233,
            0.6127450319238166,
            0.5959194081870203,
            0.626894660129158,
            0.6370885796046091,
            0.6434271220939206,
            0.6515201581558133,
            0.6257579998423853,
            0.639626389690325,
            0.6241433591691018,
            0.6290368120854274,
            0.587024475321911,
            0.6190057698788438,
            0.6217932333439506
        ],
        "structure": [
            0.46590530268481345,
            0.3543873205279263,
            0.3649641518547924,
            0.22522124039470542,
            0.22050951947045866,
            0.5899044300620596,
            0.5365727373770479,
            0.4755371818683801,
            0.6568937530267845,
            0.5916733513983377,
            0.7477113511499017,
            0.6335717561418924,
            0.6692640093133928,
            0.6162720685648182,
            0.7568925513260899,
            0.6895629854767856,
            0.7393999680579372,
            0.6222940967821088,
            0.6325903752463519,
            0.5239516103980695,
            0.5491855484039042,
            0.5676889609041147,
            0.6004557112964808
        ]
    },
    "20": {
        "paraphrase": [
            0.20213098747534392,
            0.2552195810629466,
            0.2091240354526337,
            0.25662034305498954,
            0.23666290263793627,
            0.23793981458416613,
            0.23660790658233155,
            0.2028102677513489,
            0.279709567324477,
            0.27564032179318043,
            0.2859339851893758,
            0.32485213875823143,
            0.3631963840847859,
            0.3369088404305076,
            0.36237066086202896,
            0.30671447421197645,
            0.30463899533487265,
            0.3129552582621722,
            0.28328545469909844,
            0.23217757602656341,
            0.3398024965281446,
            0.332479633072632,
            0.32058398476229916,
            0.3536500069229182,
            0.21964802299863426
        ],