{
    "5": {
        "paraphrase": [
            1.8379617780447006,
            1.986380472779274,
            1.6110187768936157,
            1.673118218779564,
            1.4926930665969849,
            1.8984303772449493,
            2.0106086432933807,
            1.8294067084789276,
            1.9388292729854584,
            1.8074179142713547,
            1.8337251842021942,
            2.2575081288814545,
            2.1781280040740967,
            2.0427854657173157,
            2.2839209139347076,
            1.5310990661382675,
            2.554851472377777,
            2.005459725856781,
            2.156571686267853,
            2.0450629591941833,
            1.4741330444812775,
            2.106041729450226,
            1.8151216506958008,
            1.9039255380630493,
            2.24376118183136
        ],
        "meaning": [
            4.5664801597595215,
            4.464368939399719,
            4.396682262420654,
            4.299913585186005,
            4.470431923866272,
            4.211639225482941,
            3.967789351940155,
            4.391058027744293,
            3.77421373128891,
            4.379164397716522,
            4.393861174583435,
            3.7796109914779663,
            4.221518814563751,
            3.716361939907074,
            4.26808500289917,
            4.74784517288208,
            4.002031326293945,
            4.44650411605835,
            4.7216916680336,
            4.7453813552856445,
            4.2807342410087585,
            4.392502546310425,
            4.623020708560944,
            4.402169227600098,
            4.346134066581726
        ],
        "structure": [
            3.724888563156128,
            2.6161813735961914,
            4.495536506175995,
            3.353870391845703,
            4.689210511365673,
            5.410375214734813,
            4.681861162185669,
            3.6792396306991577,
            4.681861162185669,
            3.799725294113159,
            1.9358649622590747,
            5.342998504638672,
            5.309359229722759,
            1.9358649622590747,
            4.793537378311157,
            5.917145311832428,
            5.33824759721756,
            5.849422812461853,
            4.589264154434204,
            4.681403040885925,
            3.4434404373168945,
            6.253943920135498,
            4.2408833503723145,
            4.3663758635520935
        ]
    },
    "10": {
        "paraphrase": [
            3.629015251994133,
            4.127983286976814,
            3.769370049238205,
            3.8010471016168594,
            3.94496613740921,
            3.5486120879650116,
            3.75079745054245,
            3.5778852999210358,
            3.27091421186924,
            3.4452056139707565,
            3.7726679146289825,
            4.885513156652451,
            5.341727137565613,
            5.123524367809296,
            5.588065415620804,
            3.6409206986427307,
            4.649136662483215,
            4.880001991987228,
            4.467788279056549,
            4.4495790004730225,
            3.045602098107338,
            4.497600853443146,
            4.55308923125267,
            5.204569101333618,
            5.116619020700455
        ],
        "meaning": [
            7.280319392681122,
            7.275420784950256,
            7.2002434730529785,
            7.082447648048401,
            6.829566419124603,
            8.679208397865295,
            8.648735582828522,
            8.860150754451752,
            8.075144708156586,
            9.004156529903412,
            8.657648205757141,
            7.971931874752045,
            8.291243970394135,
            7.28192013502121,
            8.280251204967499,
            8.069650948047638,
            8.209669172763824,
            8.1308873295784,
            7.33470344543457,
            8.956619381904602,
            8.816069543361664,
            9.094045758247375,
            8.91876083612442,
            9.187744498252869,
            8.77301424741745
        ],
        "structure": [
            7.605697422026424,
            7.123114078043727,
            8.628843784332275,
            10.85693109035492,
            9.12402880191803,
            8.148163795471191,
            8.099151827016613,
            9.241437948861858,
            7.730190194764873,
            5.727580703416606,
            5.727580703416606,
            8.342012822628021,
            9.182763516902924,
            9.295421242713928,
            6.965447641530773,
            10.621594429016113,
            12.273659623780986,
            10.621594429016113,
            7.517520248889923,
            9.641325414180756,
            10.317779123783112,
            10.317779123783112,
            11.460234701633453
        ]
    },
    "15": {
        "paraphrase": [
            6.34680350124836,
            7.15931735932827,
            7.666096419095993,
            7.645787835121155,
            7.272421211004257,
            4.952598720788956,
            5.337409853935242,
            5.293855845928192,
            5.113652601838112,
            4.62830775976181,
            6.508553862571716,
            6.75898277759552,
            7.105794966220856,
            7.108210176229477,
            6.220769822597504,
            6.186710000038147,
            7.456899970769882,
            8.501341491937637,
            8.379929691553116,
            8.716609239578247,
            4.841844454407692,
            6.800886958837509,
            7.10173237323761,
            7.417400985956192,
            7.607208788394928
        ],
        "meaning": [
            12.734033942222595,
            12.234710156917572,
            12.493029713630676,
            11.384364306926727,
            12.46695864200592,
            12.975082099437714,
            12.985500872135162,
            12.576351165771484,
            13.284373164176941,
            12.825588822364807,
            11.020179450511932,
            10.140572667121887,
            11.586216509342194,
            10.522416532039642,
            11.927375555038452,
            13.978376626968384,
            14.112461924552917,
            14.253071308135986,
            13.49585211277008,
            14.013909637928009,
            14.23464721441269,
            13.81195729970932,
            12.807430744171143,
            13.690871953964233,
            13.175074636936188
        ],
        "structure": [
            13.300849437713623,
            10.591219425201416,
            12.961388505616924,
            7.134923852601787,
            7.48114374987199,
            8.832856215158245,
            11.166019595781108,
            11.025234378495952,
            11.537209749221802,
            4.796872414270183,
            5.605785645166179,
            11.232808030763408,
            10.152948572474997,
            11.240082635718863,
            11.097654021898052,
            12.866171053407015,
            10.886172331491252,
            12.912198140460532,
            10.965618065354647,
            8.597131839749636,
            11.472003936767578,
            14.019868791103363,
            11.628907799720764,
            15.83139455318451,
            17.37214905023575
        ]
    },