{
    "5": {
        "paraphrase": [
            0.28711978391583715,
            0.2757048931240403,
            0.2702898555825714,
            0.2735569252362738,
            0.24831541193114684,
            0.33940372221671167,
            0.3366749683474474,
            0.29930998247740975,
            0.34848908253080896,
            0.3385748224999033,
            0.3016205638127444,
            0.3470393634572468,
            0.363959636287245,
            0.3233832264377204,
            0.38268912488234386,
            0.2754929838990178,
            0.42805534205845014,
            0.30619698741786067,
            0.3044832223374307,
            0.3740132426729888,
            0.24879314658196497,
            0.35344203287173875,
            0.33610981036805126,
            0.30525788266751924,
            0.37385329737536055
        ],
        "meaning": [
            0.6356690253621335,
            0.6115017484311126,
            0.6176178185505663,
            0.6339247051615896,
            0.6220483525731826,
            0.568147022420954,
            0.5465943629544151,
            0.5890344824020041,
            0.5053347546345095,
            0.5775906913210794,
            0.6260864918603102,
            0.5798622980303327,
            0.6095518552372674,
            0.558446775867202,
            0.621763945177613,
            0.6264029012879226,
            0.5857744362600983,
            0.6179441603956023,
            0.6303479216558846,
            0.6371177004166527,
            0.5899433883102829,
            0.5973268608226582,
            0.633482984064314,
            0.5799632444082157,
            0.5891387097857952
        ],
        "structure": [
            0.5489381013892098,
            0.5846179246655763,
            0.5823066293459933,
            0.5150314938200948,
            0.5485239685719305,
            0.606758615106848,
            0.5658521474867856,
            0.5376674315129979,
            0.4315205939698995,
            0.6159428751176818,
            0.5675668589678072,
            0.6732017547638535,
            0.6344162932741346,
            0.6040893859665563,
            0.6593475701784609,
            0.6570926788540975,
            0.6514182427204199,
            0.5766164872434411,
            0.5910173947313466,
            0.5890367920298585,
            0.6848381879148918,
            0.39634245574294025,
            0.6166121833420597
        ]
    },
    "10": {
        "paraphrase": [
            0.289518064598462,
            0.2911624510345265,
            0.28890348782695924,
            0.25127514683465824,
            0.2718393946996029,
            0.33310632378516963,
            0.3372308513663839,
            0.33915583643403746,
            0.2916121752751344,
            0.31270549601335557,
            0.30910422118891484,
            0.38650726591137136,
            0.4154980582461367,
            0.4068528939221087,
            0.43843385906349736,
            0.3630507149434909,
            0.37358670073567923,
            0.4041684945012974,
            0.3201926044707708,
            0.3778322372461229,
            0.252749493073696,
            0.3742137940099721,
            0.37252178669382624,
            0.386076594533465,
            0.3957843464319193
        ],
        "meaning": [
            0.5709557937211699,
            0.5693930319359347,
            0.5532151026894518,
            0.5655726596707601,
            0.5531347539973132,
            0.5749603923356086,
            0.5741457056422453,
            0.5827579323155958,
            0.5395294694415119,
            0.5824549308982266,
            0.6157384178752298,
            0.5997449705285233,
            0.6026125299081894,
            0.5638497245178511,
            0.5949085834861371,
            0.5875071405716458,
            0.5968407633773748,
            0.5795631957192089,
            0.5593007046438937,
            0.6198188536868762,
            0.5750841423891725,
            0.6094218325250562,
            0.60133403662654,
            0.6147899483663767,
            0.5943866441722229
        ],
        "structure": [
            0.6144149161065406,
            0.6214070514757484,
            0.6327736709958011,
            0.702533815135509,
            0.38314174094007525,
            0.6292238384291662,
            0.640471676342951,
            0.701404645420063,
            0.6787353985813936,
            0.5480262837481953,
            0.5530127728763378,
            0.629711188914621,
            0.7211484389122443,
            0.7636660167235815,
            0.5896494539607267,
            0.3270258704834718,
            0.515953164822361,
            0.501853074563735,
            0.5022962047751546,
            0.514458160298325
        ]
    },
    "15": {
        "paraphrase": [
            0.3200460958319659,
            0.36250660068666213,
            0.3503450868621811,
            0.35328207982534937,
            0.3606374616103201,
            0.31511042197459294,
            0.3165981482001146,
            0.30375708200292734,
            0.3108175751729458,
            0.2926207609927563,
            0.36104415102891757,
            0.3751408766810473,
            0.40378063943355985,
            0.36481746182247315,
            0.32503322063890133,
            0.3751042168576701,
            0.37111039759109143,
            0.4344087089354118,
            0.3847930159355489,
            0.4351020235234288,
            0.2639419205429661,
            0.35651628049238804,
            0.3756229590593256,
            0.3805380124780604,
            0.3912677033498686
        ],
        "meaning": [
            0.6194728826466082,
            0.6103652428890675,
            0.6140985138269269,
            0.6087027305558191,
            0.6067967137582025,
            0.5661455496032692,
            0.5800586125042627,
            0.5643297538883957,
            0.5665234950298488,
            0.5675170856597453,
            0.5745880597883539,
            0.5250417231768777,
            0.5709519043381855,
            0.547891201532206,
            0.5969027061740845,
            0.623879552126745,
            0.6285416552001776,
            0.6306975744338158,
            0.613252083315087,
            0.627212190537242,
            0.6183602507464897,
            0.6082582656808782,
            0.5673528935786409,
            0.6060252893660968,
            0.5929892300478673
        ],
        "structure": [
            0.47141710005764653,
            0.35726433677755304,
            0.37355337055510385,
            0.22627918915104495,
            0.24982442895384926,
            0.5982582507249863,
            0.5480533535379603,
            0.5369744755636277,
            0.6290758794012885,
            0.08603013875265723,
            0.5807653263410282,
            0.7262274099080501,
            0.6063876908566364,
            0.6554134962257285,
            0.615714867564791,
            0.7517953804724506,
            0.7059979337280797,
            0.7443538181367287,
            0.6497227821759953,
            0.6408970177705735,
            0.3754230415743477,
            0.585425408249508,
            0.6045186439368038,
            0.6003042508411297,
            0.6351837005754468
        ]
    },