{
    "5": {
        "paraphrase": [
            2.262386828660965,
            2.581621438264847,
            2.0596896708011627,
            2.178618758916855,
            1.9192440211772919,
            2.287674129009247,
            2.3795396983623505,
            2.12772998213768,
            2.3411485254764557,
            2.002465546131134,
            2.5497796833515167,
            2.850515455007553,
            3.0042167603969574,
            2.75705024600029,
            2.8111243844032288,
            1.7938322126865387,
            2.741794764995575,
            2.5758374333381653,
            2.6424795389175415,
            2.6271998584270477,
            1.7364119440317154,
            2.5210584104061127,
            2.1977265775203705,
            2.2556067407131195,
            2.6528716683387756
        ],
        "meaning": [
            6.303250193595886,
            6.771057963371277,
            6.591176986694336,
            5.768940091133118,
            6.3289347887039185,
            6.31477153301239,
            5.870225667953491,
            6.4055057764053345,
            5.509969353675842,
            6.540134310722351,
            6.152547836303711,
            5.487296104431152,
            5.937795102596283,
            5.193538248538971,
            5.949097633361816,
            6.9125343561172485,
            6.177810907363892,
            6.879702210426331,
            6.924421787261963,
            6.903296113014221,
            6.355767011642456,
            6.6250622272491455,
            6.700798273086548,
            6.322255849838257,
            6.379509449005127
        ],
        "structure": [
            5.620309591293335,
            2.7971394062042236,
            6.642839789390564,
            4.590073645114899,
            2.787745237350464,
            6.662482261657715,
            6.414400041103363,
            6.571459352970123,
            3.9011058807373047,
            6.571459352970123,
            5.532102584838867,
            2.8019185066223145,
            7.680971622467041,
            7.647179961204529,
            2.8019185066223145,
            5.512959957122803,
            7.375172019004822,
            5.659215450286865,
            7.375172019004822,
            4.574413418769836,
            5.6415793895721436,
            2.847294807434082,
            7.682661771774292,
            5.619315147399902,
            2.7975828647613525
        ]
    },
    "10": {
        "paraphrase": [
            4.822440713644028,
            4.762423664331436,
            5.451808154582977,
            5.269604474306107,
            5.6432318687438965,
            4.181741714477539,
            5.0277256071567535,
            4.639965087175369,
            3.9069942831993103,
            4.173464328050613,
            4.784841567277908,
            6.111210435628891,
            6.457954049110413,
            6.68210107088089,
            7.496222078800201,
            4.330588549375534,
            6.252412736415863,
            6.098946511745453,
            6.090067803859711,
            6.180499643087387,
            3.7405737042427063,
            5.828886836767197,
            6.180344343185425,
            6.86506524682045,
            6.532155930995941
        ],
        "meaning": [
            10.544016361236572,
            10.090013265609741,
            10.173307061195374,
            9.966274082660675,
            9.4346364736557,
            12.459612846374512,
            12.763479828834534,
            12.825207591056824,
            11.577203631401062,
            13.022037029266357,
            12.539488196372986,
            11.153856217861176,
            11.871514797210693,
            10.66306608915329,
            12.307819664478302,
            11.971398055553436,
            12.132928609848022,
            12.421507716178894,
            11.252445042133331,
            13.230725169181824,
            12.7242032289505,
            13.034632205963135,
            13.102930545806885,
            13.21986722946167,
            12.73403549194336
        ],
        "structure": [
            9.065525889396667,
            9.483543157577515,
            8.280928373336792,
            2.7900331020355225,
            8.374661445617676,
            8.478359460830688,
            5.6731133460998535,
            5.61918568611145,
            8.413518190383911,
            8.451703071594238,
            8.252496719360352,
            8.252496719360352,
            12.059550702571869,
            13.146609604358673,
            13.376993417739868,
            11.151005744934082,
            2.801685333251953,
            8.342090606689453,
            16.799360036849976,
            8.342090606689453,
            2.7975828647613525,
            12.121824264526367,
            12.14952826499939,
            12.14952826499939,
            15.00731110572815
        ]
    },
    "15": {
        "paraphrase": [
            8.508376210927963,
            9.649442702531815,
            10.180168181657791,
            10.201928436756134,
            9.652234822511673,
            6.156721115112305,
            7.039103180170059,
            6.50658555328846,
            6.374439567327499,
            5.820479363203049,
            8.257365584373474,
            8.533736109733582,
            8.390796154737473,
            8.473534226417542,
            7.503619089722633,
            7.781283676624298,
            9.875113993883133,
            11.249825417995453,
            11.812971532344818,
            11.805237233638763,
            6.111313536763191,
            9.12063729763031,
            9.603828817605972,
            9.679435700178146,
            9.761049807071686
        ],
        "meaning": [
            18.111379146575928,
            16.957032322883606,
            16.617538154125214,
            16.00363838672638,
            17.146432101726532,
            18.844164967536926,
            19.19217085838318,
            17.580609261989594,
            19.287456154823303,
            18.685603857040405,
            16.43845558166504,
            14.99528044462204,
            17.113510727882385,
            16.008476674556732,
            17.508385598659515,
            20.199014902114868,
            20.62579047679901,
            20.56355571746826,
            19.575119614601135,
            20.267693996429443,
            20.34094536304474,
            19.8390611410141,
            18.792863488197327,
            19.787142276763916,
            19.272636651992798
        ],
        "structure": [
            17.628680050373077,
            13.949901819229126,
            16.790894269943237,
            8.552457332611084,
            8.370424270629883,
            5.659337520599365,
            11.18722414970398,
            11.292238473892212,
            11.325375080108643,
            0.0,
            2.862229108810425,
            13.94758677482605,
            12.267753720283508,
            13.70470643043518,
            13.637268304824829,
            11.007194519042969,
            8.221506595611572,
            11.211973905563354,
            11.249226808547974,
            8.349884510040283,
            5.770237684249878,
            11.189882755279541,
            5.770237684249878,
            11.190911531448364,
            22.445072889328003
        ]
    },