{
    "5": {
        "paraphrase": [
            0.2318417848531095,
            0.25155787754787706,
            0.23055310563653472,
            0.25245291898976085,
            0.21260184654687664,
            0.2727812889144319,
            0.2728301940332867,
            0.24743756611201925,
            0.29597462389961265,
            0.2620021388965172,
            0.29624294575123405,
            0.321804900351692,
            0.3194674044793346,
            0.31432092510524723,
            0.32726470308588,
            0.22758799081024075,
            0.3081465566287546,
            0.28189334442972175,
            0.28974296186499066,
            0.3407118028032516,
            0.2363757345878745,
            0.305810334835627,
            0.2923793501016313,
            0.2664901241101829,
            0.32768718821725723
        ],
        "meaning": [
            0.6283836169813646,
            0.6534226166887076,
            0.6444867847591843,
            0.6022937900843012,
            0.6204787987912347,
            0.6171052561078475,
            0.5774258025365683,
            0.6060156253592522,
            0.5353581165132929,
            0.6145566770447023,
            0.620937684851821,
            0.577315167623364,
            0.6028364587047088,
            0.5445119927088402,
            0.6105344679126519,
            0.6478752262235253,
            0.6130200901540506,
            0.6589569713958535,
            0.6520830002533726,
            0.6527907777827203,
            0.6243197420496746,
            0.6330921444440977,
            0.6375117395983456,
            0.5996506063136828,
            0.606782347748979
        ],
        "structure": [
            0.49528794032926565,
            0.5116171970773291,
            0.5565341154541487,
            0.4812813398505263,
            0.19236377326388876,
            0.5514476896001573,
            0.5806075884266175,
            0.5527498850234458,
            0.4990589016249424,
            0.4389140728827088,
            0.6105639565728834,
            0.5613561722145164,
            0.6731358000744414,
            0.6006974873063488,
            0.31606406246813523,
            0.5801638975403395,
            0.642512385696514,
            0.5951044834587833,
            0.6375460861414373,
            0.5304273494578894,
            0.5497169545366035,
            0.5236183910903303,
            0.6466807708434068,
            0.39216701908789464,
            0.49718034045735693
        ]
    },
    "10": {
        "paraphrase": [
            0.2449982135236768,
            0.2600321899091393,
            0.29706461889915525,
            0.2466278819175117,
            0.2728116950340527,
            0.263855498506973,
            0.2877303187375943,
            0.3060386258478039,
            0.22783921539440602,
            0.2576749679786125,
            0.29141923988577295,
            0.35610907165832706,
            0.34446817561969606,
            0.36340768879348073,
            0.4124255449416796,
            0.29033131254113437,
            0.34425674591525396,
            0.34197951427887974,
            0.3134018589412747,
            0.3564918302407747,
            0.23299944460944721,
            0.3410577520965575,
            0.35107596335277286,
            0.37028226517913554,
            0.3732130948077361
        ],
        "meaning": [
            0.5796326870539646,
            0.5638842463867348,
            0.5701009618623427,
            0.5507143690885821,
            0.5155519929773401,
            0.5951627008493384,
            0.6214621804520998,
            0.6067764156969598,
            0.5585623611645606,
            0.6107462935879124,
            0.6145228268718769,
            0.5907575471536132,
            0.6074455026809557,
            0.5618860727894789,
            0.620825412394414,
            0.6062667191344228,
            0.6130181196918406,
            0.6180591079644134,
            0.5860906631641122,
            0.6456063342095981,
            0.600667510161781,
            0.6162996154818076,
            0.6337870672832081,
            0.6238890148864419,
            0.6214869500823549
        ],
        "structure": [
            0.5372681412682745,
            0.5608663150762366,
            0.5619947109202625,
            0.134017390611044,
            0.6366024996957731,
            0.32142086288822225,
            0.5825300455040499,
            0.5738657743515267,
            0.6573145787341428,
            0.6559472102020346,
            0.2644450562878129,
            0.26298634561712453,
            0.4528433636527714,
            0.5382715058086835,
            0.5481542046642978,
            0.23968815764340784,
            0.5099574156674906,
            0.6773689556157084,
            0.7629522843375869,
            0.5289385545384306,
            0.1252598561407555,
            0.4523978642367533,
            0.4536261836096987,
            0.45266888523191084,
            0.4902125488459933
        ]
    },
    "15": {
        "paraphrase": [
            0.2849185327595578,
            0.33107207089494917,
            0.3100973590480747,
            0.33103334302668114,
            0.31433328947077327,
            0.26382478817104454,
            0.2856324648839941,
            0.24477174964440382,
            0.28147005869822644,
            0.246673906230086,
            0.3329560798968003,
            0.34110464202099694,
            0.3198850300468174,
            0.3348499413263482,
            0.2843609743893953,
            0.31532163718600775,
            0.3430249628737197,
            0.39758061110407095,
            0.38430914963088353,
            0.3910394804826285,
            0.25142985584429334,
            0.3203631920018887,
            0.3530038463280196,
            0.33964102266180657,
            0.3585452897059172
        ],
        "meaning": [
            0.6183288614323804,
            0.593639437363188,
            0.5842306602360744,
            0.5700545133436982,
            0.6008294602508851,
            0.6101687364627736,
            0.6199949033579742,
            0.5769512146403114,
            0.6053139055715264,
            0.6033512711953984,
            0.5857829886232122,
            0.5316572521964251,
            0.5822926436207249,
            0.5587947602926332,
            0.5973895223497903,
            0.6426669527382204,
            0.6484669348717436,
            0.6543498201417689,
            0.6330792047823478,
            0.6424730099061368,
            0.6315630898357338,
            0.6325223656998943,
            0.5941464398944598,
            0.6218186402289163,
            0.6228001358589618
        ],
        "structure": [
            0.4510865066268909,
            0.3371014925890151,
            0.3380949861136756,
            0.1863256943169912,
            0.18243621349268088,
            0.5539849244031199,
            0.5232048454158689,
            0.49780735748924265,
            0.610812454688604,
            0.0,
            0.5429458781139651,
            0.7178639901700735,
            0.5872836668913994,
            0.6389111904055158,
            0.5896050153039855,
            0.7145410964740778,
            0.6509481152815653,
            0.7141454940736941,
            0.5963055372661084,
            0.6003289415766456,
            0.1552969197472388,
            0.515473764622603,
            0.5303223539106147,
            0.5397400158284831,
            0.5638760278677746
        ]
    },