{
    "5": {
        "paraphrase": [
            0.23124177872815177,
            0.2490676469999827,
            0.2305028482107149,
            0.2509711899005811,
            0.2104831845805244,
            0.2694261552480602,
            0.27144976194061504,
            0.24521606758854095,
            0.2950386773827292,
            0.2622445778512354,
            0.2949915223959731,
            0.31613713642591806,
            0.31599171351120175,
            0.31175573276807417,
            0.32440737538920034,
            0.2255004003504308,
            0.30705459479850655,
            0.28461286150221404,
            0.2899820164441315,
            0.3400601087451925,
            0.23016149601955938,
            0.3020713489021305,
            0.2881911212319405,
            0.2617619043164756,
            0.32212370305883287
        ],
        "meaning": [
            0.6230465073240555,
            0.6491699205899989,
            0.6356731269876894,
            0.6024248678701444,
            0.6183916693183019,
            0.612881600746634,
            0.5755824785784828,
            0.6088374048057692,
            0.5323748500573616,
            0.6114786798011408,
            0.6142389756703713,
            0.5790865474647348,
            0.6013785633253436,
            0.5463613794128842,
            0.6078492925207271,
            0.6492788648103034,
            0.6202582142109198,
            0.6571571366201373,
            0.642932625803197,
            0.6542851712668452,
            0.6184132065160493,
            0.6265174265291941,
            0.6328985412572943,
            0.5969853492759809,
            0.5976887600382623
        ],
        "structure": [
            0.4944954791357871,
            0.5101407291865729,
            0.5571992430248635,
            0.4763591558062628,
            0.1912854069101002,
            0.549584317370297,
            0.5828092840879343,
            0.5521791688904902,
            0.49804632676678356,
            0.438121988857371,
            0.6034499572425349,
            0.5606958633329604,
            0.6662243370571362,
            0.596397299802679,
            0.3127163339865813,
            0.5766060822864302,
            0.6432251050017568,
            0.5936057253856682,
            0.6362345178667851,
            0.5280910929187314,
            0.5434951592464577,
            0.5201641173336187,
            0.6384525372819487,
            0.38792728674227417,
            0.4928499668212253
        ]
    },
    "10": {
        "paraphrase": [
            0.2428455806465892,
            0.2596720396272716,
            0.29679012515806125,
            0.247089400516421,
            0.2740770414237759,
            0.2611909508969241,
            0.28743325529258906,
            0.3018358551391876,
            0.22633123069432629,
            0.25707368551037346,
            0.2914694129550623,
            0.35225114540170405,
            0.3431097739232811,
            0.36344231890029394,
            0.4106453354997006,
            0.2894346943849045,
            0.34716301485221895,
            0.3395909962098103,
            0.31165320504924615,
            0.35812492709441557,
            0.22682443408819045,
            0.33639257941305084,
            0.3451070004979009,
            0.364122429406587,
            0.3682678189026847
        ],
        "meaning": [
            0.5787652084959268,
            0.5574232975054066,
            0.5667560264215575,
            0.5477335205952115,
            0.5140394153881948,
            0.5941909178919914,
            0.6158100896669806,
            0.6016947942127892,
            0.5582993621814146,
            0.6090284288200799,
            0.6067495410597045,
            0.5904096688324999,
            0.6032154160055277,
            0.5645095423371683,
            0.6194052375850343,
            0.600045699100254,
            0.6103904182361983,
            0.6188681515260042,
            0.592058077903629,
            0.6454136568231531,
            0.5985785503276362,
            0.61562104030863,
            0.628864934814031,
            0.6212322163621914,
            0.6163407026502048
        ],
        "structure": [
            0.540131362049301,
            0.5645247034145804,
            0.5626219174263534,
            0.1354297228984622,
            0.6375805300126804,
            0.32071243468883387,
            0.5829659122512718,
            0.571393937958075,
            0.6550883026615129,
            0.6516071621737135,
            0.2636265235663046,
            0.25923378854055207,
            0.44958534958449237,
            0.5338472480029162,
            0.5446802217411941,
            0.2382558478532865,
            0.5083502082453507,
            0.6743563185984728,
            0.758899058928967,
            0.5271502974535147,
            0.12525408353364842,
            0.44754771959573497,
            0.4498702021043798,
            0.4477972804429152,
            0.4848978980823666
        ]
    },
    "15": {
        "paraphrase": [
            0.2835904173087261,
            0.3333807385655239,
            0.3100568259964875,
            0.33029994651381017,
            0.3157551892655286,
            0.26148612695181317,
            0.2851156245069221,
            0.24538458761202822,
            0.2785632235221579,
            0.24602451120293542,
            0.33274765176121485,
            0.341051607423925,
            0.3193623781224322,
            0.3314141012694543,
            0.28614784677412913,
            0.3154006960254883,
            0.3469517014509573,
            0.4001455781844669,
            0.38059986337645024,
            0.3932425755091565,
            0.24686744528791457,
            0.3180147383640051,
            0.3470638882198524,
            0.335939081583001,
            0.3552313464029786
        ],
        "meaning": [
            0.6199750947611734,
            0.5877968402513326,
            0.5785597464969378,
            0.5686564416044136,
            0.6010439625121226,
            0.607698772163382,
            0.6159850856812117,
            0.5744394045988696,
            0.6025989502527235,
            0.6005925612062635,
            0.5800991998840774,
            0.5312433911529522,
            0.5803395018554585,
            0.5566192718048358,
            0.5913106310368433,
            0.6399292849117035,
            0.6515968230766364,
            0.652708711419157,
            0.6368391042805526,
            0.64613436431185,
            0.6272965796167201,
            0.6325741604865986,
            0.5930758678686116,
            0.6200850123640563,
            0.6207109452922175
        ],
        "structure": [
            0.4468802824340571,
            0.3344596702637209,
            0.33367513905340607,
            0.18401144326389474,
            0.18001411602407016,
            0.5502864068478344,
            0.5206984712159395,
            0.4952258488662907,
            0.6070550411013658,
            0.0,
            0.54494861548533,
            0.717716866241923,
            0.5862353511825736,
            0.6391327869488808,
            0.5877209115282053,
            0.7127718399030797,
            0.6504338743216997,
            0.7127256331418013,
            0.5942718669658118,
            0.598185270016105,
            0.15451920515427012,
            0.5146635750722632,
            0.5304952745025484,
            0.537356558942506,
            0.5613834708742708
        ]
    },