{
    "5": {
        "paraphrase": [
            49.1877498626709,
            55.98050785064697,
            44.93752574920654,
            47.34392786026001,
            41.829275608062744,
            50.08104658126831,
            51.83000087738037,
            46.18534469604492,
            51.32113075256348,
            43.88600778579712,
            55.42854404449463,
            61.41305637359619,
            64.62593173980713,
            59.64254283905029,
            61.171881675720215,
            39.15864610671997,
            59.891862869262695,
            56.46439075469971,
            57.878384590148926,
            57.16194725036621,
            37.466636657714844,
            54.646284103393555,
            48.253990173339844,
            49.29667568206787,
            57.51846981048584
        ],
        "meaning": [
            136.245454788208,
            147.23844718933105,
            142.26969718933105,
            125.73700523376465,
            137.7857437133789,
            137.65630912780762,
            128.12925338745117,
            140.32744789123535,
            120.45835304260254,
            142.98455047607422,
            132.65913009643555,
            120.38199806213379,
            129.32456970214844,
            113.95816802978516,
            129.48954010009766,
            151.29389762878418,
            136.19741439819336,
            150.7318820953369,
            149.46976852416992,
            150.4577293395996,
            139.0553035736084,
            144.47344398498535,
            144.76237106323242,
            138.50972175598145,
            137.60379791259766
        ],
        "structure": [
            122.78986358642578,
            60.75783920288086,
            145.63629341125488,
            99.54164695739746,
            60.851375579833984,
            146.12205505371094,
            141.6002025604248,
            144.25695991516113,
            86.17013740539551,
            144.25695991516113,
            117.52945327758789,
            61.687904357910156,
            165.80038833618164,
            165.80038833618164,
            61.687904357910156,
            119.47496795654297,
            161.88680267333984,
            124.02285766601562,
            161.88680267333984,
            100.71044540405273,
            123.16560745239258,
            61.581058502197266,
            166.4782943725586,
            123.30780029296875,
            61.86135482788086
        ]
    },
    "10": {
        "paraphrase": [
            104.53810977935791,
            103.7505874633789,
            118.78998947143555,
            114.4662413597107,
            122.5613145828247,
            90.87801599502563,
            110.37771272659302,
            100.59886646270752,
            85.05049705505371,
            91.2879409790039,
            104.40667486190796,
            132.36383152008057,
            140.01814460754395,
            144.7938871383667,
            162.59259223937988,
            94.88911437988281,
            137.6600980758667,
            132.81555557250977,
            132.8088674545288,
            135.68314266204834,
            81.30585670471191,
            126.79159355163574,
            134.11455249786377,
            148.67440128326416,
            141.37121963500977
        ],
        "meaning": [
            228.45059394836426,
            218.17397117614746,
            220.9348258972168,
            215.55971717834473,
            204.73984336853027,
            271.97815132141113,
            275.9172191619873,
            279.88572692871094,
            252.15503311157227,
            283.67590141296387,
            272.3371524810791,
            243.2466697692871,
            258.9637870788574,
            232.76895332336426,
            267.9256763458252,
            261.7413501739502,
            264.82344818115234,
            273.0570373535156,
            247.5944652557373,
            289.56957626342773,
            277.4408359527588,
            284.97639083862305,
            284.32285499572754,
            287.4720039367676,
            278.6394329071045
        ],
        "structure": [
            199.28526973724365,
            205.2032356262207,
            179.22731399536133,
            61.521148681640625,
            184.21320724487305,
            185.2948760986328,
            125.1368637084961,
            123.2792739868164,
            183.1360206604004,
            183.03127670288086,
            179.5800018310547,
            179.5800018310547,
            262.1896209716797,
            285.91923332214355,
            288.86475372314453,
            244.80624771118164,
            61.981204986572266,
            181.23778533935547,
            368.2575035095215,
            181.23778533935547,
            61.86135482788086,
            262.63061332702637,
            264.67008209228516,
            264.67008209228516,
            326.7612724304199
        ]
    },
    "15": {
        "paraphrase": [
            185.0479097366333,
            209.09920597076416,
            221.1254277229309,
            220.97686386108398,
            209.96895170211792,
            133.80225610733032,
            153.91991472244263,
            142.23388862609863,
            138.90810871124268,
            127.3617160320282,
            180.0255241394043,
            185.6380786895752,
            182.0075798034668,
            183.96192932128906,
            163.47394037246704,
            169.806902885437,
            217.04320526123047,
            247.03936386108398,
            258.08472061157227,
            258.7245121002197,
            132.88028526306152,
            197.78654766082764,
            207.58155918121338,
            209.76990699768066,
            212.32346630096436
        ],
        "meaning": [
            393.6589870452881,
            364.4843997955322,
            358.7653064727783,
            346.388147354126,
            373.00324630737305,
            411.2741355895996,
            416.8588104248047,
            383.6001091003418,
            420.76501083374023,
            407.1940288543701,
            356.091588973999,
            327.4133110046387,
            371.51062393188477,
            347.3804244995117,
            378.5351257324219,
            440.72791481018066,
            451.31260108947754,
            451.0697536468506,
            427.99081230163574,
            441.59350776672363,
            441.4490852355957,
            433.68245697021484,
            407.99146270751953,
            428.9022331237793,
            420.93006134033203
        ],
        "structure": [
            383.53410148620605,
            304.46170806884766,
            364.32234954833984,
            186.83056640625,
            182.2866668701172,
            122.03590774536133,
            243.52664947509766,
            248.40060806274414,
            247.47341537475586,
            0.0,
            61.61309051513672,
            302.34643173217773,
            268.2620964050293,
            297.9876136779785,
            295.8631763458252,
            239.75038528442383,
            178.0989227294922,
            244.19077682495117,
            248.25352478027344,
            180.8843116760254,
            125.42689895629883,
            241.52045059204102,
            125.42689895629883,
            243.27804946899414,
            489.0587348937988
        ]
    },