{
    "5": {
        "paraphrase": [
            1.5997491478919983,
            1.825481116771698,
            1.456419751048088,
            1.5405156016349792,
            1.3571102023124695,
            1.6176291704177856,
            1.6825884878635406,
            1.5045318603515625,
            1.6554415822029114,
            1.415956512093544,
            1.80296590924263,
            2.015618771314621,
            2.124301850795746,
            1.9495284259319305,
            1.987764686346054,
            1.2684303671121597,
            1.9387417435646057,
            1.821392446756363,
            1.868515282869339,
            1.857710838317871,
            1.2278285473585129,
            1.782656967639923,
            1.5540269613265991,
            1.594954490661621,
            1.875863254070282
        ],
        "meaning": [
            4.4570711851119995,
            4.787861883640289,
            4.660666346549988,
            4.079256296157837,
            4.475232720375061,
            4.465217292308807,
            4.15087616443634,
            4.529376149177551,
            3.8961368799209595,
            4.624573290348053,
            4.350508153438568,
            3.880104422569275,
            4.198655486106873,
            3.6723862290382385,
            4.206647276878357,
            4.8879000544548035,
            4.368372738361359,
            4.864684224128723,
            4.896305501461029,
            4.881367743015289,
            4.494205832481384,
            4.68462610244751,
            4.738179802894592,
            4.470509648323059,
            4.51099419593811
        ],
        "structure": [
            3.9741591215133667,
            2.633324682712555,
            4.697197318077087,
            3.2456724047660828,
            5.436659372964641,
            4.536010898271343,
            5.151734232902527,
            2.7584980130195618,
            4.764211512723705,
            5.188306212425232,
            4.575141727924347,
            5.431267261505127,
            5.407372891902924,
            3.899084604898235,
            5.989386260509491,
            5.175900220870972,
            5.9138858914375305,
            4.616874814033508,
            4.620340406894684,
            4.7286458015441895,
            6.032142877578735,
            4.111109018325806
        ]
    },
    "10": {
        "paraphrase": [
            3.4099793136119843,
            3.3675414323806763,
            3.855009526014328,
            3.7261721342802048,
            3.9903670251369476,
            2.9569368064403534,
            3.555137574672699,
            3.280950218439102,
            2.762661412358284,
            2.9510838091373444,
            3.3833928406238556,
            4.3212777972221375,
            4.56646192073822,
            4.724958896636963,
            5.300629019737244,
            3.0621881186962128,
            4.42112335562706,
            4.312605798244476,
            4.306327551603317,
            4.370272874832153,
            2.644984945654869,
            4.1216446459293365,
            4.370162785053253,
            4.854334264993668,
            4.618930906057358
        ],
        "meaning": [
            7.455746293067932,
            7.13471657037735,
            7.1936140060424805,
            7.047218501567841,
            6.671295136213303,
            8.810277104377747,
            9.025141537189484,
            9.068790435791016,
            8.186318457126617,
            9.207971036434174,
            8.866757154464722,
            7.88696813583374,
            8.394429206848145,
            7.539925456047058,
            8.702943503856659,
            8.465056002140045,
            8.579275608062744,
            8.78333204984665,
            7.956680178642273,
            9.355535387992859,
            8.997370958328247,
            9.216876804828644,
            9.265171349048615,
            9.347858130931854,
            9.004323840141296
        ],
        "structure": [
            7.355857707181713,
            6.70622406117036,
            7.285978376865387,
            7.355857707181713,
            9.796119153499603,
            8.690359830856323,
            8.67743456363678,
            9.171176708856365,
            9.126762628555298,
            10.239242732524872,
            10.221649169921875,
            10.156911946454784,
            7.526763617992401,
            9.835373282432556,
            14.06114774942398,
            9.835373282432556
        ]
    },
    "15": {
        "paraphrase": [
            6.016329824924469,
            6.823185443878174,
            7.198465794324875,
            7.2138515412807465,
            6.82516023516655,
            4.35345746576786,
            4.977396249771118,
            4.60084992647171,
            4.5074073523283005,
            4.115698479115963,
            5.838838219642639,
            6.0342622101306915,
            5.933188617229462,
            5.991692528128624,
            5.305859252810478,
            5.502197325229645,
            6.982759267091751,
            7.954827427864075,
            8.353032559156418,
            8.347562223672867,
            4.321349799633026,
            6.4492636024951935,
            6.790931940078735,
            6.8443939089775085,
            6.902103751897812
        ],
        "meaning": [
            12.806678771972656,
            11.990432977676392,
            11.75037282705307,
            11.316280961036682,
            12.124357640743256,
            13.324836492538452,
            13.570914924144745,
            12.431367337703705,
            13.638290286064148,
            13.212717175483704,
            11.623744487762451,
            10.603263974189758,
            12.101080119609833,
            11.319701790809631,
            12.380299389362335,
            14.282860279083252,
            14.584636986255646,
            14.540630161762238,
            13.841700375080109,
            14.33142375946045,
            14.383219242095947,
            14.028334140777588,
            13.28856086730957,
            13.991622507572174,
            13.627811551094055
        ],
        "structure": [
            15.913568019866943,
            14.460423171520233,
            16.389252603054047,
            12.037685990333557,
            12.918168246746063,
            11.833264470100403,
            12.52920637241914,
            14.379138506570598,
            14.367886543273926,
            10.26951876989915,
            10.785733498254558,
            13.678924418607494,
            11.321905209857505,
            15.836274325847626,
            12.69140724054887,
            12.687951065221569,
            14.10386035553529,
            13.566085137048503,
            15.227199018001556,
            13.566085137048503,
            14.535345435142517,
            12.294529616832733,
            13.247170209884644,
            17.471553325653076
        ]
    },
    "20": {
        "paraphrase": [
            8.126671373844147,
            9.493125349283218,
            9.823247164487839,
            9.22721928358078,
            9.89868113398552,
            5.521041840314865,
            5.833494506776333,
            6.083158567547798,
            7.359216034412384,
            6.302963450551033,
            8.402970135211945,
            10.179910868406296,
            10.92246562242508,
            10.709498345851898,
            11.156126737594604,
            8.798654943704605,
            9.89044851064682,
            9.81574496626854,
            9.541949689388275,
            6.967198878526688,
            9.262156337499619,
            9.004847288131714,
            9.37789711356163,
            9.048557847738266,
            6.1960359364748
        ],