{
    "5": {
        "paraphrase": [
            0.23184178238033434,
            0.25155769512556647,
            0.2305529810708359,
            0.25245281122517543,
            0.2126018247172531,
            0.27278113678344756,
            0.27283004018428975,
            0.24743749360884434,
            0.2959744149216969,
            0.2620020326709152,
            0.29624289590712016,
            0.3218048809769668,
            0.3194673725841735,
            0.3143209088749459,
            0.32726465558763757,
            0.22758785778433865,
            0.3081465475362765,
            0.28189332747952184,
            0.28974289830750816,
            0.3407117989930972,
            0.2363757486161467,
            0.3058103121767057,
            0.29237934474366417,
            0.26649010342954293,
            0.3276871422816389
        ],
        "meaning": [
            0.6283836261852437,
            0.6534227153244678,
            0.6444869549071184,
            0.6022937442810139,
            0.6204788257962143,
            0.6171051488342737,
            0.5774256438083941,
            0.6060155534601502,
            0.5353581024554028,
            0.6145565818847792,
            0.6209377140112889,
            0.5773151507051285,
            0.6028364735811828,
            0.5445120556257629,
            0.6105345426023742,
            0.6478751359827103,
            0.613020101676312,
            0.6589569822760863,
            0.6520829733015413,
            0.6527907703936787,
            0.624319774503267,
            0.6330921629592235,
            0.6375116811801348,
            0.5996506034637227,
            0.6067824180414475
        ],
        "structure": [
            0.49528792147980294,
            0.5333000711237333,
            0.5565341498055485,
            0.48128138086691996,
            0.6004942993088418,
            0.6082602094109928,
            0.5727335358206873,
            0.5210381123027167,
            0.6407713184202234,
            0.6445278698272225,
            0.6731359493815459,
            0.6313993594278979,
            0.5801853487157432,
            0.6670275941949318,
            0.6171940896071364,
            0.6490811193454811,
            0.5661073235111714,
            0.5702346439412581,
            0.6000867589709629,
            0.6702927257522264,
            0.5838998560576272
        ]
    },
    "10": {
        "paraphrase": [
            0.24499808809853696,
            0.26003211087505734,
            0.29706460384735894,
            0.2466278208342224,
            0.2728116367757645,
            0.26385539739280006,
            0.28773023410695237,
            0.3060385394621909,
            0.2278391382458418,
            0.25767487615481005,
            0.2914192069233215,
            0.35610908330750246,
            0.34446814233401185,
            0.3634077260139404,
            0.41242556274905073,
            0.2903312711335588,
            0.34425679594163366,
            0.3419794004280167,
            0.3134018475485124,
            0.35649179292101324,
            0.23299941060326293,
            0.3410577016362904,
            0.35107595805506797,
            0.3702823279425487,
            0.3732130466215913
        ],
        "meaning": [
            0.5796327279713439,
            0.5638843087833642,
            0.5701009508435838,
            0.5507142802305137,
            0.5155520121881056,
            0.5951626297864087,
            0.6214620062736792,
            0.606776335960328,
            0.5585622178773325,
            0.6107462824317021,
            0.6145228402738554,
            0.5907576885479793,
            0.6074455828415165,
            0.5618860616418033,
            0.6208255216551094,
            0.6062666373833384,
            0.6130180009239276,
            0.6180590099455254,
            0.5860906354716727,
            0.6456062673910041,
            0.6006674742506317,
            0.6162996603550311,
            0.6337871215797195,
            0.6238891777873262,
            0.6214870033570968
        ],
        "structure": [
            0.5476423822985015,
            0.5608738779090837,
            0.5780554959371187,
            0.6499527125062216,
            0.6508735197307756,
            0.6425218890013109,
            0.6853515637948218,
            0.694474875777355,
            0.6106818539596464,
            0.6208692012193906,
            0.4046810126778121,
            0.6239313327277854,
            0.722452548438698,
            0.777050656119473,
            0.5798222556658769
        ]
    },
    "15": {
        "paraphrase": [
            0.28491844229036584,
            0.33107207251799153,
            0.3100973554498733,
            0.33103323120925343,
            0.31433326549797247,
            0.26382471553947323,
            0.285632421320586,
            0.2447716276420209,
            0.2814699327644295,
            0.2466737979017366,
            0.33295602879237357,
            0.3411046045158306,
            0.3198850392582386,
            0.33484990255765973,
            0.2843609295130934,
            0.31532161655415414,
            0.34302495109371356,
            0.39758054225001943,
            0.3843091180908021,
            0.39103942834378963,
            0.2514297505537571,
            0.3203632473021711,
            0.3530038804649,
            0.339641139705619,
            0.35854513456644205
        ],
        "meaning": [
            0.6183287581641145,
            0.593639384457931,
            0.5842305923644916,
            0.5700545979027358,
            0.6008294138453976,
            0.6101686703603609,
            0.6199949336460948,
            0.576951204840536,
            0.605313872556406,
            0.6033512113964256,
            0.5857830106722374,
            0.5316571850510827,
            0.5822927219167279,
            0.558794832742788,
            0.5973895481160231,
            0.6426668911639014,
            0.6484668992751893,
            0.6543498218496001,
            0.6330791938198485,
            0.6424729579174643,
            0.6315629363847052,
            0.6325222743757006,
            0.5941463631030811,
            0.6218185874410551,
            0.6228000566322881
        ],
        "structure": [
            0.5451085872260594,
            0.4755195448255157,
            0.47283255224624066,
            0.39762803931632296,
            0.37722264385432447,
            0.6352678827525116,
            0.5658061917375866,
            0.554002900078115,
            0.662685510886269,
            0.667227034456672,
            0.7559347001756443,
            0.61380258756377,
            0.6865285749069437,
            0.6168954050106445,
            0.7475290371330152,
            0.7160906220534665,
            0.7570645462927279,
            0.6529395780922599,
            0.6597745763454521,
            0.5750316637267354,
            0.614616590838746,
            0.5879768636292193,
            0.5949924686717983
        ]
    },
    "20": {
        "paraphrase": [
            0.29501334169238347,
            0.35072385585592464,
            0.3434498963298074,
            0.34455369994937135,
            0.35072420921735836,
            0.25918841475310617,
            0.2662030156381023,
            0.24916954431496915,
            0.3092394518911441,
            0.29198429366284,
            0.330827311070284,
            0.3824654259891302,
            0.408996626883725,
            0.4080782565489236,
            0.4033321108704828,
            0.33793513136962483,
            0.34586234903739105,
            0.3568832447558996,
            0.3351442282935255,
            0.27353678289386973,
            0.3556320163684695,
            0.3559007882043168,
            0.3499605252569847,
            0.36095459806625246,
            0.2575846251645335
        ],