{
    "5": {
        "paraphrase": [
            1.5897874932309999,
            1.2769507398888025,
            1.5980398609205695,
            1.8837254240159953,
            2.0213576071221566,
            0.9039368806687372,
            0.7957671368587007,
            1.11107813218241,
            0.9814104843640468,
            1.1253279655177684,
            1.3593625334391617,
            1.1036803745412849,
            1.2455125539570022,
            1.4727337277409873,
            1.4629880212830588,
            1.5877131980729788,
            1.0219319149936228,
            1.5159478999704512,
            1.1834005899359374,
            1.0625039390203985,
            1.6579826495128929,
            1.5185598259830415,
            1.4537015450129762,
            1.7929034293421746,
            1.3796624781042968
        ],
        "meaning": [
            0.5599647615997945,
            0.6570544231755993,
            1.000737154175948,
            0.8088396111721653,
            0.822459258688333,
            0.4777777645291856,
            0.6996153671550874,
            0.4622856718732742,
            0.47012633822152117,
            0.7395299012377414,
            0.42966713198404305,
            0.6519681609322378,
            1.0612919408927997,
            0.9674422021730213,
            0.805789554480779,
            0.43252187474936893,
            0.5275090115758141,
            0.6712922160606017,
            0.658240969833313,
            0.5672125239457976,
            0.6017122582608123,
            0.2990598173984963,
            0.528184624875384,
            0.5268970493147149,
            0.42942230101082923
        ],
        "structure": [
            1.6513662441375732,
            3.091954004659136,
            1.6923843048942613,
            3.0459769931648832,
            3.544444425277778,
            1.6298972065966955,
            2.1059113134684577,
            1.1660350993565107,
            2.5750915576453126,
            2.146384463089733,
            2.5533333175053334,
            2.0789743439796924,
            2.5266666525026666,
            2.078974343979693,
            3.4999999825,
            2.637335018732169,
            1.645984543469683,
            1.2398172559191654,
            2.127431637902141,
            1.630341864547995,
            2.6366666491720006,
            3.1666666483333334,
            2.581111095280445,
            1.7144444286217784,
            1.2177777644524448
        ]
    },
    "10": {
        "paraphrase": [
            3.5024554174322886,
            3.5942528992895566,
            3.6248762712935902,
            4.4859727755549095,
            4.132761277599104,
            2.454043344328404,
            2.058691165291554,
            2.5492708745480877,
            2.77215865137505,
            2.678846917875121,
            2.637700078114582,
            2.064085046168902,
            2.0275716526397285,
            2.106475435691291,
            2.578191793130887,
            3.2064747670155582,
            2.05783974049142,
            2.357179873004877,
            2.616409166095269,
            2.6743962327419077,
            3.770456190447894,
            2.3382937174118954,
            2.8092719449120453,
            1.888844606710577,
            2.1615523440427156
        ],
        "meaning": [
            2.188511795507183,
            1.9801344194092885,
            2.8270987219598096,
            2.778877038366361,
            2.8533358336568453,
            1.0535143285851376,
            1.5227718019119747,
            1.929811599954709,
            1.3598051416545403,
            1.538384097036881,
            1.8405182898980856,
            2.7346070823393784,
            2.454348695960509,
            3.115706144508513,
            2.7231459724335734,
            2.020796038041487,
            1.9886568619188087,
            2.163250411145662,
            2.2060521349444056,
            1.336866682104044,
            1.053273048775216,
            1.832059062263622,
            1.3530848029722138,
            1.1769182201043182,
            1.2973853599405285
        ],
        "structure": [
            6.804521031158232,
            6.773916846059133,
            7.605500780186709,
            6.374908804368073,
            6.817192075756547,
            6.232345640721446,
            4.766280338179524,
            5.2364487015202466,
            7.1437357844416844,
            6.210069741705604,
            8.526666622502665,
            8.499999957499998,
            8.082222178891554,
            7.108888848894221,
            7.082222183891556,
            7.060606022272728,
            5.7684919375702535,
            7.5523076514868865,
            5.257010160347278,
            6.188130766409068,
            8.526666622502665,
            8.053333290005332,
            8.109999956669332,
            8.109999956669332,
            4.033333297536482
        ]
    },
    "15": {
        "paraphrase": [
            5.219917016520509,
            4.666922390300722,
            5.467854425494796,
            5.5053163207562985,
            5.937596772592093,
            4.042921053652033,
            2.1761382286190796,
            3.665858320218421,
            3.7046283448012867,
            4.986664889915907,
            3.131211553321995,
            3.485035749693216,
            2.380838858294571,
            2.435816046753578,
            3.6732467745677946,
            4.077557278275547,
            2.525199152287689,
            2.226955285396609,
            2.3341934467838525,
            2.6716231442080187,
            5.816477113618372,
            4.492020260247833,
            3.8085035989899247,
            4.218551043711397,
            3.8255342987367174
        ],
        "meaning": [
            4.470115608299337,
            4.270596808929143,
            4.632057451873783,
            4.534613848446579,
            4.459212976546164,
            3.158891906028093,
            3.110681704818969,
            1.8425515249239326,
            3.150984108517232,
            1.5832400970844889,
            5.762385541682432,
            6.344116303897637,
            5.949331966250824,
            7.074869973642667,
            5.753496634925121,
            0.43938982064689647,
            0.6810928201444034,
            0.8929437812698662,
            0.8832466882992608,
            0.9737055723242848,
            1.2610472763925002,
            1.4469689596375066,
            1.2202962882610875,
            1.6548025234130896,
            1.970884212472826
        ],
        "structure": [
            12.628205060823468,
            13.054626464596666,
            12.999999934999996,
            13.499999932499996,
            13.525640956513804,
            13.095238026972787,
            11.227631192704617,
            10.77301474726814,
            12.999999934999996,
            13.999999929999996,
            8.689655121621442,
            9.742698355249331,
            12.140193170057275,
            10.582222166391553,
            11.526666607502664,
            9.83513591683363,
            12.614898923246095,
            11.613581405178818,
            12.652929224598624,
            12.639222424163039,
            13.526666597502663,
            13.16666659833333,
            12.19579703645509,
            12.649999932505331,
            12.182463703121757
        ]
    },