{
    "5": {
        "paraphrase": [
            0.8835290521383286,
            1.0199990719556808,
            0.8174185380339622,
            0.9585736095905304,
            1.0529740303754807,
            0.7508349940180779,
            0.8270617127418518,
            0.7674748972058296,
            0.8647763580083847,
            0.7756323367357254,
            1.221729964017868,
            1.5865374207496643,
            1.5346324443817139,
            1.3720704764127731,
            1.5784906893968582,
            0.8662450611591339,
            1.6529312431812286,
            1.2517347857356071,
            1.203269600868225,
            1.337280347943306,
            0.8374108821153641,
            0.890375167131424,
            1.0159171670675278,
            0.9176522046327591,
            1.004964753985405
        ],
        "meaning": [
            3.1344991326332092,
            3.000210702419281,
            2.9400416016578674,
            2.724685102701187,
            2.889729857444763,
            3.1712334156036377,
            2.6813402473926544,
            2.951356530189514,
            2.3485027849674225,
            3.0366255044937134,
            3.09039306640625,
            2.66713285446167,
            3.0605428218841553,
            2.7074374854564667,
            2.8990172147750854,
            3.024367094039917,
            2.758127599954605,
            3.1718124747276306,
            3.2799234986305237,
            3.333021640777588,
            3.119525909423828,
            3.1529250741004944,
            3.3422269225120544,
            2.996803104877472,
            3.2538174390792847
        ],
        "structure": [
            1.9402207136154175,
            1.0499463450105395,
            2.254979521036148,
            1.6627444922924042,
            0.8870708487811498,
            3.060003697872162,
            2.6549544632434845,
            2.9155146181583405,
            1.4702834436029661,
            2.7714612743002363,
            2.6277812123298645,
            2.1678318154008593,
            3.675551176071167,
            3.241557575383922,
            2.592134565114975,
            3.0344134937913623,
            2.0467759739549365,
            3.0344134937913623,
            2.6043570041656494,
            2.686975121498108,
            1.6720006465911865,
            3.0267632007598877,
            2.1287238001823425,
            1.2034274708421435
        ]
    },
    "10": {
        "paraphrase": [
            1.8464869037270546,
            1.7859944701194763,
            2.107639327645302,
            1.8562695160508156,
            1.9999221563339233,
            1.540826827287674,
            1.754753090441227,
            1.5911485701799393,
            1.6332785338163376,
            1.5591275170445442,
            2.426006406545639,
            3.1883587390184402,
            3.577514171600342,
            3.564489245414734,
            3.7364102602005005,
            2.152685508131981,
            3.047268643975258,
            3.425786644220352,
            2.6813297271728516,
            3.127694934606552,
            1.715730756521225,
            2.5269507318735123,
            2.6960308849811554,
            3.154814600944519,
            2.9142936617136
        ],
        "meaning": [
            4.322331875562668,
            4.200257778167725,
            4.044408679008484,
            4.425148218870163,
            3.7984544932842255,
            5.6976578533649445,
            6.457048416137695,
            6.035332977771759,
            5.713276565074921,
            6.2869309186935425,
            6.163090944290161,
            5.581448823213577,
            5.795943856239319,
            5.271769106388092,
            5.926888018846512,
            5.675351917743683,
            5.4546628296375275,
            5.7351392805576324,
            4.914154350757599,
            5.930703938007355,
            5.919270634651184,
            6.347968935966492,
            6.284955024719238,
            6.393388569355011,
            6.301609933376312
        ],
        "structure": [
            3.6916525654378347,
            4.120990693569183,
            2.7432249698613305,
            1.6518112931225915,
            3.487859300134005,
            5.102363253507065,
            4.018384838971542,
            4.472562964831013,
            4.991313839826034,
            4.805890376243042,
            5.9557846784591675,
            6.092843770980835,
            5.261828541755676,
            1.9840399991662707,
            5.110381282487651,
            6.357753276824951,
            5.110381282487651,
            2.0878337394387927,
            5.178011871495983,
            5.496610999107361,
            5.2654020558984485,
            6.184801459312439
        ]
    },
    "15": {
        "paraphrase": [
            3.339352808892727,
            3.6943388879299164,
            4.131600856781006,
            3.9098095893859863,
            3.858609154820442,
            2.558848761022091,
            2.8821079432964325,
            2.5606006756424904,
            2.7016419246792793,
            2.2853396385908127,
            4.267106875777245,
            4.5189287811517715,
            4.4889054745435715,
            4.64236706495285,
            3.927359104156494,
            4.012326329946518,
            4.982033222913742,
            5.814492225646973,
            5.543365836143494,
            5.492311432957649,
            2.616369679570198,
            3.9602940380573273,
            4.012376397848129,
            3.9691356271505356,
            4.450762942433357
        ],
        "meaning": [
            8.599650084972382,
            9.034853845834732,
            8.017809182405472,
            7.764578402042389,
            8.397944509983063,
            9.1814044713974,
            9.668668925762177,
            8.395781189203262,
            9.100892156362534,
            8.35806679725647,
            8.094608187675476,
            7.5584896504879,
            8.599552869796753,
            8.024520486593246,
            8.563185214996338,
            9.390179693698883,
            9.660286486148834,
            9.693443834781647,
            9.063317596912384,
            8.90330284833908,
            9.914923250675201,
            9.305898427963257,
            8.458799839019775,
            9.646414995193481,
            9.391074419021606
        ],
        "structure": [
            6.9013184367795475,
            5.513910783367464,
            5.6232882569602225,
            3.8933738003543112,
            3.8933738003543112,
            4.862754608067917,
            6.121464754018234,
            6.790969785128254,
            6.443777943524765,
            2.6769917258352507,
            6.329478561878204,
            8.056210673967144,
            7.692686200141907,
            9.196270316839218,
            7.3577331077249255,
            5.282989903527778,
            4.879779137292644,
            7.195243699388811,
            6.114967627363512,
            5.123240238346625,
            3.309680319944164,
            6.574293404817581,
            3.538471079984447,
            6.413166977086803,
            9.547909445682308
        ]
    },