{
    "5": {
        "paraphrase": [
            0.24982795206032446,
            0.2755665312521322,
            0.2475989258181366,
            0.27555045628622554,
            0.3743856024825707,
            0.22744701223878297,
            0.24037946584257755,
            0.22677307959092005,
            0.2692371191014801,
            0.22552531691536837,
            0.31878256032572433,
            0.38665673486799124,
            0.39968433222296107,
            0.3422581787410792,
            0.37140466043738835,
            0.2686349307261965,
            0.46020786970909217,
            0.2714798158892268,
            0.3410414739958669,
            0.4350213693891604,
            0.25122194364455624,
            0.2599459748152417,
            0.3260290834361466,
            0.27698950799061867,
            0.3008921547994463
        ],
        "meaning": [
            0.671412794738027,
            0.6806355839531171,
            0.6823658592582486,
            0.6626489014737484,
            0.6555978738597439,
            0.6620143047050858,
            0.5963182238101243,
            0.6619967749130363,
            0.5466962915314006,
            0.6615172874795696,
            0.6686904621292505,
            0.6107181555982836,
            0.6624364907637778,
            0.5967553688846016,
            0.6397246427279079,
            0.684029923667744,
            0.657989521550754,
            0.7131990467111263,
            0.6902573820049188,
            0.7185795286432838,
            0.6607170400504071,
            0.6598168096906983,
            0.6929886868137146,
            0.6276050935439791,
            0.6599188025266642
        ],
        "structure": [
            0.4799333353325162,
            0.4986818301136542,
            0.5338466502468597,
            0.47922672770598573,
            0.16829668922409194,
            0.5299194692128351,
            0.5474231483003382,
            0.5318729625944636,
            0.471986944269021,
            0.4326955775262924,
            0.6139505923876826,
            0.6332916264750585,
            0.6890760394016879,
            0.5906417517301119,
            0.6023130285371908,
            0.6514899221611659,
            0.5987326611700711,
            0.657230085190816,
            0.5969693299026089,
            0.5186973269544272,
            0.508360526909139,
            0.5720366455262089,
            0.35265288049363314,
            0.4591434403812229
        ]
    },
    "10": {
        "paraphrase": [
            0.2558739504424168,
            0.27571650673988524,
            0.2863046434286153,
            0.24604715424437618,
            0.29444852641410946,
            0.2363640795613299,
            0.2599692904192197,
            0.24992411221534705,
            0.22117727947803487,
            0.23054593259416098,
            0.321264658298778,
            0.4073252800092502,
            0.4062341107441924,
            0.43574724911523893,
            0.42945884550137986,
            0.38450941024692864,
            0.40430812566190744,
            0.47223374584844957,
            0.33913856279839383,
            0.4577421913406587,
            0.245235343313983,
            0.30561573273240134,
            0.35150943473702045,
            0.35120807115225844,
            0.34214554617654475
        ],
        "meaning": [
            0.6264712376616521,
            0.5817728392204043,
            0.5657242099961767,
            0.6047443376183341,
            0.5466606946898835,
            0.6247204956142474,
            0.6717417393810088,
            0.6559996134962632,
            0.5919711737616052,
            0.6655446705559388,
            0.659932401639148,
            0.6549154948644715,
            0.6504730928880812,
            0.6120626568141265,
            0.6581788826193026,
            0.6415311455450574,
            0.6476801702246716,
            0.6674883699710561,
            0.6166528825648837,
            0.6628347170158531,
            0.6246720725941235,
            0.6663977583497082,
            0.6521568307889775,
            0.6791321038893391,
            0.6616530510187147
        ],
        "structure": [
            0.546597752073094,
            0.5606963502904356,
            0.5792947352117012,
            0.18548240221006035,
            0.6244580473024545,
            0.362172004858052,
            0.5878595461909818,
            0.5787862282541234,
            0.6660567585806024,
            0.6270527538393926,
            0.564058259455057,
            0.5881701647310219,
            0.26710834020776036,
            0.5197036949704391,
            0.6746319857039391,
            0.7365940829711648,
            0.5543959435916879,
            0.1557630786585688,
            0.444798248544792,
            0.4494431980019041,
            0.4364486135934511,
            0.460861065161783
        ]
    },
    "15": {
        "paraphrase": [
            0.3010775300453161,
            0.31825308769591726,
            0.35583334560797586,
            0.3589992121288162,
            0.33932934809431453,
            0.25260095465260485,
            0.2855399993443914,
            0.2204039428970375,
            0.2469867398032707,
            0.2136482933253674,
            0.38308689104814,
            0.4056294808840224,
            0.3542025838656935,
            0.38971808986092166,
            0.3342808514370852,
            0.4227064562445724,
            0.39035326983182744,
            0.5057081872981047,
            0.4135284379360921,
            0.46934738933829356,
            0.2454542354716994,
            0.3091700916921578,
            0.3509193072814371,
            0.3232149745942013,
            0.372682133743625
        ],
        "meaning": [
            0.6331984657306028,
            0.6486448209196739,
            0.6474215604096242,
            0.6343044974657486,
            0.6452433575168818,
            0.6347180293657972,
            0.6795605936058137,
            0.5999658867391413,
            0.6541570255338727,
            0.6109090401773811,
            0.619862381296682,
            0.5761807624952457,
            0.6396215906397597,
            0.5833678110240891,
            0.630048866383028,
            0.6692005850143019,
            0.6750576475860296,
            0.7032024890246272,
            0.6788882418226457,
            0.6700427287858074,
            0.6677687449065931,
            0.6470192926808075,
            0.6122728112327152,
            0.677426166635271,
            0.6633129049207002
        ],
        "structure": [
            0.44705522998972136,
            0.3795551755022278,
            0.3637735464091253,
            0.24717742024344647,
            0.26835989695715967,
            0.5935358052896422,
            0.5196547195587014,
            0.49102222580435817,
            0.5921806863146947,
            0.08239727670101339,
            0.6358192142845513,
            0.7443660715770413,
            0.6278461791286734,
            0.7052560955881612,
            0.6151102841131268,
            0.6970929490009882,
            0.6665573507210014,
            0.7019667965378531,
            0.6136468563901494,
            0.6323774705935754,
            0.18568003611611825,
            0.52338868595564,
            0.5247431217925124,
            0.5435014243593116,
            0.527863752804726
        ]
    },