{
    "5": {
        "paraphrase": [
            1.5463650822639465,
            1.4014371782541275,
            1.4530611336231232,
            1.4253525882959366,
            1.3366045206785202,
            1.427797794342041,
            1.5139558464288712,
            1.2880867570638657,
            1.4611192047595978,
            1.1949335485696793,
            1.4395835846662521,
            1.6389788389205933,
            1.7507030367851257,
            1.568359613418579,
            1.8821879625320435,
            1.0921144485473633,
            1.9379403591156006,
            1.4065852910280228,
            1.8117071688175201,
            1.6214645057916641,
            0.8733034580945969,
            1.308268815279007,
            1.261966496706009,
            1.3019632697105408,
            1.5468261241912842
        ],
        "meaning": [
            4.28738671541214,
            4.445243000984192,
            4.215702056884766,
            4.105529963970184,
            4.176524519920349,
            4.061195731163025,
            3.6180323362350464,
            3.996581554412842,
            3.5142582654953003,
            4.176739871501923,
            3.9935984015464783,
            3.578435778617859,
            3.9044963717460632,
            3.377024531364441,
            3.891259789466858,
            4.69261372089386,
            3.9978630542755127,
            4.439410746097565,
            4.51776909828186,
            4.6113070249557495,
            4.03569221496582,
            4.388241469860077,
            4.578896403312683,
            4.078974545001984,
            4.211553394794464
        ],
        "structure": [
            4.150219023227692,
            4.5888156663568225,
            5.392535090446472,
            4.205211937427521,
            4.369094468274852,
            4.7344024777412415,
            4.437060177326202,
            4.621398031711578,
            2.7252074480056763,
            4.621398031711578,
            4.731044984975597,
            3.6265364061982837,
            5.369650661945343,
            5.380057215690613,
            3.6265364061982837,
            4.7560999393463135,
            5.44874469153001,
            5.393316723027965,
            5.44874469153001,
            4.5732152462005615,
            4.68459016084671,
            3.3286280632019043,
            5.388222932815552,
            3.9815521836280823,
            2.662598729133606
        ]
    },
    "10": {
        "paraphrase": [
            3.1501986384391785,
            3.3592355996370316,
            3.288154751062393,
            3.3414345532655716,
            3.196156531572342,
            2.441368132829666,
            2.7918733060359955,
            2.775464728474617,
            2.3556967079639435,
            2.405735418200493,
            2.8075205981731415,
            3.756134793162346,
            4.3217558562755585,
            4.3303884863853455,
            4.748109579086304,
            2.7425265312194824,
            3.7641800343990326,
            3.801483929157257,
            3.6284992694854736,
            3.6140360236167908,
            1.9410119503736496,
            2.9477714747190475,
            3.6120843291282654,
            3.732773035764694,
            3.8185572922229767
        ],
        "meaning": [
            6.49032187461853,
            6.521281987428665,
            6.480730950832367,
            6.337431311607361,
            5.945791095495224,
            7.945757448673248,
            8.525718688964844,
            8.189256250858307,
            7.423689842224121,
            8.625045359134674,
            8.10070013999939,
            7.338627219200134,
            7.645530700683594,
            6.936630606651306,
            7.729237794876099,
            7.54216605424881,
            7.8406460881233215,
            7.681260943412781,
            7.1348735094070435,
            8.602692306041718,
            8.102812111377716,
            8.85973447561264,
            8.355820953845978,
            8.909543097019196,
            8.326034665107727
        ],
        "structure": [
            9.006505280733109,
            10.620681941509247,
            9.958792246499797,
            7.286693371454021,
            10.180980003991863,
            7.567254662513733,
            5.550594210624695,
            5.563836693763733,
            5.812455654144287,
            6.778348326683044,
            8.656611300626537,
            8.684972263494274,
            10.004101580299903,
            10.471986143587856,
            10.613243191241054,
            3.976146198430797,
            9.710584558168193,
            12.581220805644989,
            9.710584558168193,
            5.237389005342266,
            9.319085090159206,
            9.343228936195374,
            9.31952953338623,
            10.637166588305263
        ]
    },
    "15": {
        "paraphrase": [
            5.324942409992218,
            6.06512887775898,
            6.163663059473038,
            6.451979890465736,
            6.2440977692604065,
            3.304477334022522,
            3.6949304044246674,
            3.9714309871196747,
            3.7400505542755127,
            3.3748586624860764,
            5.550523489713669,
            5.6370208859443665,
            5.632986336946487,
            5.505503460764885,
            4.733406215906143,
            4.691117152571678,
            6.411782696843147,
            6.81168594956398,
            7.0221341252326965,
            7.2330440282821655,
            3.2534718960523605,
            4.719701796770096,
            5.420203387737274,
            5.50791323184967,
            5.585445016622543
        ],
        "meaning": [
            12.008220791816711,
            11.55088621377945,
            11.365530252456665,
            10.590927243232727,
            11.577081084251404,
            12.28244000673294,
            12.560475826263428,
            11.363273441791534,
            12.498712658882141,
            12.130037903785706,
            10.237821221351624,
            9.400267601013184,
            11.035605013370514,
            9.662992000579834,
            11.070897698402405,
            13.577003300189972,
            13.585972785949707,
            13.878478467464447,
            13.159798502922058,
            13.372241973876953,
            13.825180530548096,
            13.08710265159607,
            11.875069618225098,
            13.10735672712326,
            12.549998342990875
        ],
        "structure": [
            5.457584565796424,
            7.766291959123919,
            9.500283993402263,
            9.542150361376116,
            1.566465957002947,
            4.409803782618837,
            12.16051438919385,
            10.982879846094875,
            9.656329311052104,
            11.878125494637061,
            12.200698075292166,
            11.660441576241283,
            14.07392543554306,
            13.851591496466426,
            11.278434543608455,
            9.587717354297638,
            12.210574626922607,
            9.679810762405396,
            14.876510322093964,
            15.856779158115387
        ]
    },