{
    "5": {
        "paraphrase": [
            0.23551052964185656,
            0.2000003816162751,
            0.2147025521738608,
            0.21932380376666324,
            0.20454072329084938,
            0.2620813404765901,
            0.242752678456849,
            0.20353680193815635,
            0.2566961737121588,
            0.24541228006329022,
            0.22168471034768977,
            0.26084916128413344,
            0.2693935049592508,
            0.2610889253494923,
            0.31014330289780884,
            0.1922547918876563,
            0.31156418181971257,
            0.21555760209585748,
            0.2673823506745628,
            0.2871383293528092,
            0.15644683462324677,
            0.21880991777544143,
            0.22948388035935197,
            0.20913324746673698,
            0.2678438384152974
        ],
        "meaning": [
            0.596455719282213,
            0.6183689929812624,
            0.6020539406719578,
            0.5965725189980089,
            0.5966968973544248,
            0.5646805494313037,
            0.5071920375250188,
            0.5441141628908285,
            0.4951884261106321,
            0.5627660768270596,
            0.5663197482961978,
            0.5540258450184409,
            0.5745945507564375,
            0.5066815782623689,
            0.5693096806410676,
            0.6287931900326633,
            0.5727677605330773,
            0.6124088767045106,
            0.6139861078662737,
            0.6263648762729249,
            0.5659346326067131,
            0.6060026259390593,
            0.6220747178775271,
            0.5544439329045671,
            0.5744015963615309
        ],
        "structure": [
            0.4942876498186546,
            0.5743999384881351,
            0.6341699992738861,
            0.5754809775345067,
            0.35975738605471524,
            0.5639868899976188,
            0.5731031713107991,
            0.5486544311087017,
            0.5001327219905947,
            0.4359115015484317,
            0.629252022585043,
            0.6094897516910827,
            0.6624556957722978,
            0.6205938812884415,
            0.36733695524558535,
            0.5846461696696486,
            0.630884722360205,
            0.6256494836715432,
            0.6304911793850578,
            0.553331032305069,
            0.5758052070368889,
            0.5456641588072351,
            0.6378528247443791,
            0.38668169646581985,
            0.513989959497718
        ]
    },
    "10": {
        "paraphrase": [
            0.2142127358766376,
            0.24340378647668684,
            0.2439475222050144,
            0.23163306959279373,
            0.21083104407199382,
            0.24865095485552388,
            0.252228832649764,
            0.2708048252510182,
            0.20175867331881617,
            0.19920413747587326,
            0.22155379540655487,
            0.30898337151526983,
            0.3156002273667516,
            0.37115330948270625,
            0.3651617604672916,
            0.2666511736098655,
            0.2854801123713612,
            0.32105410336760976,
            0.2559127487470021,
            0.3143427059778303,
            0.16215955126687678,
            0.2419950124548096,
            0.28887384558747864,
            0.28817842167769364,
            0.2923733401652016
        ],
        "meaning": [
            0.5188482761665444,
            0.5262695116779328,
            0.5210934523851373,
            0.510328898408923,
            0.48928732434382877,
            0.5409998715054519,
            0.5774290933613501,
            0.5467184363903859,
            0.502949008145904,
            0.562709306476346,
            0.5582501481679165,
            0.5674156581734687,
            0.5541408202772901,
            0.5322242800447579,
            0.5612505197298775,
            0.5615945192918351,
            0.577675747445557,
            0.5524325393966437,
            0.5455320164057033,
            0.6153629352118736,
            0.55257207350007,
            0.6021612614854109,
            0.5784068460199904,
            0.6132094116248746,
            0.5723281446039281
        ],
        "structure": [
            0.5887920983605384,
            0.6187914643704912,
            0.6289108845252712,
            0.3652939472632756,
            0.699361148034726,
            0.36691121250520775,
            0.600573704294607,
            0.5909835552601959,
            0.6633830650985343,
            0.6706395552280865,
            0.34929671989359085,
            0.3517608251689723,
            0.4931376230119199,
            0.5808743383080449,
            0.5851518049681539,
            0.5280188841709694,
            0.6998845427273999,
            0.7566133595608054,
            0.5582454572349775,
            0.2009963828914374,
            0.47019851433642756,
            0.49717156247136973,
            0.47043857997558547,
            0.4838827935108062
        ]
    },
    "15": {
        "paraphrase": [
            0.25436759195152525,
            0.30808126924024615,
            0.2985071989298324,
            0.2935353704096327,
            0.31519705423959293,
            0.24247501737381494,
            0.22430901003480888,
            0.23212682597969825,
            0.2461882578790201,
            0.2016401202452709,
            0.30116945356610164,
            0.3039087529426128,
            0.3003170644654147,
            0.28106589939703586,
            0.23285368129503284,
            0.2796858657849952,
            0.2869575814172853,
            0.37075351404586215,
            0.31895704681404935,
            0.3489527534214762,
            0.17710056178004732,
            0.2370679450995431,
            0.2770801243701622,
            0.28667745512497256,
            0.29795717086851053
        ],
        "meaning": [
            0.595211757311162,
            0.5685809476632656,
            0.5652016519200957,
            0.5527399918031357,
            0.5568858904215549,
            0.5581442035497882,
            0.5755574060887512,
            0.5184570628739505,
            0.5469050797579201,
            0.5473498752440306,
            0.5258460219780668,
            0.4961955425660294,
            0.5491634884775636,
            0.5099955817862686,
            0.5252621383512848,
            0.6041382457827276,
            0.6150073329954439,
            0.6203676150429303,
            0.5948661775998593,
            0.6170970669200582,
            0.6062414087356672,
            0.5868562667142382,
            0.5461730029135722,
            0.5978023461437396,
            0.5747689827566435
        ],
        "structure": [
            0.5590660410401023,
            0.5036693417069273,
            0.5049102790744469,
            0.6303433890090965,
            0.03264795702163148,
            0.5757823437903815,
            0.7217821885891532,
            0.61722522259703,
            0.6493469143094736,
            0.6035264871885052,
            0.737850262579656,
            0.6725393069484255,
            0.7346337896197561,
            0.6262181246862957,
            0.6294990445841395,
            0.2804323611354271,
            0.5361823225697286,
            0.5755742471349661,
            0.5863739037082223,
            0.6013966359711261
        ]
    },